{"cameraMode":{"drawMode":0,"name":"Shaded","section":"Shading Mode"},"sceneLighting":false,"audioPlay":false,"sceneViewState":{"showFog":false,"showMaterialUpdate":false,"showSkybox":false,"showFlares":false,"showImageEffects":false,"showParticleSystems":false},"in2DMode":false,"pivot":{"x":0.1350865513086319,"y":0.7925846576690674,"z":2.4129185676574709},"rotation":{"x":-0.11380183696746826,"y":0.3654544949531555,"z":-0.045071158558130267,"w":-0.9227472543716431},"size":0.49265849590301516,"orthographic":false}