{"cameraMode":{"drawMode":0,"name":"Shaded","section":"Shading Mode"},"sceneLighting":false,"audioPlay":false,"sceneViewState":{"showFog":false,"showMaterialUpdate":false,"showSkybox":false,"showFlares":false,"showImageEffects":false,"showParticleSystems":false},"in2DMode":false,"pivot":{"x":7.0323333740234379,"y":3.1846208572387697,"z":-8.051081657409668},"rotation":{"x":0.10338427126407623,"y":-0.8852071762084961,"z":0.3870667815208435,"w":0.2364393174648285},"size":44.663612365722659,"orthographic":false}