{"cameraMode":{"drawMode":0,"name":"Shaded","section":"Shading Mode"},"sceneLighting":false,"audioPlay":false,"sceneViewState":{"showFog":false,"showMaterialUpdate":false,"showSkybox":false,"showFlares":false,"showImageEffects":false,"showParticleSystems":false},"in2DMode":false,"pivot":{"x":463.26092529296877,"y":380.0328369140625,"z":675.07373046875},"rotation":{"x":-0.40494415163993838,"y":-0.22207112610340119,"z":0.10206406563520432,"w":-0.8810779452323914},"size":479.267822265625,"orthographic":false}