{"cameraMode":{"drawMode":0,"name":"Shaded","section":"Shading Mode"},"sceneLighting":true,"audioPlay":false,"sceneViewState":{"showFog":false,"showMaterialUpdate":false,"showSkybox":false,"showFlares":false,"showImageEffects":false,"showParticleSystems":false},"in2DMode":false,"pivot":{"x":0.07176685333251953,"y":-0.3903942108154297,"z":-0.539201021194458},"rotation":{"x":0.12363723665475846,"y":0.8559329509735107,"z":-0.2399388998746872,"w":0.4410497546195984},"size":1.939985990524292,"orthographic":false}