{"cameraMode":{"drawMode":0,"name":"Shaded","section":"Shading Mode"},"sceneLighting":true,"audioPlay":false,"sceneViewState":{"showFog":false,"showMaterialUpdate":false,"showSkybox":false,"showFlares":false,"showImageEffects":false,"showParticleSystems":false},"in2DMode":false,"pivot":{"x":-24.657882690429689,"y":31.58523941040039,"z":-17.973365783691408},"rotation":{"x":0.12363723665475846,"y":0.8559329509735107,"z":-0.2399388998746872,"w":0.4410497546195984},"size":134.66619873046876,"orthographic":false}