{"cameraMode":{"drawMode":0,"name":"Shaded","section":"Shading Mode"},"sceneLighting":true,"audioPlay":false,"sceneViewState":{"showFog":false,"showMaterialUpdate":false,"showSkybox":false,"showFlares":false,"showImageEffects":false,"showParticleSystems":false},"in2DMode":false,"pivot":{"x":-45.91554260253906,"y":22.159000396728517,"z":-8.864757537841797},"rotation":{"x":0.01587371714413166,"y":0.9822356104850769,"z":-0.15932871401309968,"w":0.0978587195277214},"size":159.0951385498047,"orthographic":false}