{"cameraMode":{"drawMode":0,"name":"Shaded","section":"Shading Mode"},"sceneLighting":true,"audioPlay":false,"sceneViewState":{"showFog":false,"showMaterialUpdate":false,"showSkybox":false,"showFlares":false,"showImageEffects":false,"showParticleSystems":false},"in2DMode":false,"pivot":{"x":841.0591430664063,"y":461.7508850097656,"z":463.6063232421875},"rotation":{"x":-0.07886713743209839,"y":0.8697737455368042,"z":-0.14778949320316316,"w":-0.464149534702301},"size":0.7896152138710022,"orthographic":false}