{"cameraMode":{"drawMode":0,"name":"Shaded","section":"Shading Mode"},"sceneLighting":true,"audioPlay":false,"sceneViewState":{"showFog":false,"showMaterialUpdate":false,"showSkybox":false,"showFlares":false,"showImageEffects":false,"showParticleSystems":false},"in2DMode":false,"pivot":{"x":381.32073974609377,"y":648.7877197265625,"z":460.22393798828127},"rotation":{"x":-0.12017395347356796,"y":0.1885080337524414,"z":-0.02324845641851425,"w":-0.9744147658348084},"size":819.80517578125,"orthographic":false}