{"cameraMode":{"drawMode":0,"name":"Shaded","section":"Shading Mode"},"sceneLighting":true,"audioPlay":false,"sceneViewState":{"showFog":false,"showMaterialUpdate":false,"showSkybox":false,"showFlares":false,"showImageEffects":false,"showParticleSystems":false},"in2DMode":false,"pivot":{"x":-0.00025509297847747803,"y":-0.012322664260864258,"z":-0.05871441215276718},"rotation":{"x":0.20288188755512238,"y":0.7231690287590027,"z":-0.23829440772533418,"w":0.6156995296478272},"size":0.731670081615448,"orthographic":false}