{"cameraMode":{"drawMode":0,"name":"Shaded","section":"Shading Mode"},"sceneLighting":true,"audioPlay":false,"sceneViewState":{"showFog":false,"showMaterialUpdate":false,"showSkybox":false,"showFlares":false,"showImageEffects":false,"showParticleSystems":false},"in2DMode":false,"pivot":{"x":0.047844529151916507,"y":0.7397371530532837,"z":-0.3594673275947571},"rotation":{"x":0.12363723665475846,"y":0.8559329509735107,"z":-0.2399388998746872,"w":0.4410497546195984},"size":2.693323850631714,"orthographic":false}