{"cameraMode":{"drawMode":0,"name":"Shaded","section":"Shading Mode"},"sceneLighting":false,"audioPlay":false,"sceneViewState":{"showFog":false,"showMaterialUpdate":false,"showSkybox":false,"showFlares":false,"showImageEffects":false,"showParticleSystems":false},"in2DMode":false,"pivot":{"x":228.89999389648438,"y":643.1161499023438,"z":257.01824951171877},"rotation":{"x":0.1856008768081665,"y":0.3805306851863861,"z":-0.0782511830329895,"w":0.9025667309761047},"size":65.8321762084961,"orthographic":false}